{"type":"Topology","transform":{"scale":[0.012321819285266532,0.005166080760633664],"translate":[-141.01807315799994,41.98439108079877]},"arcs":[[[368,5204],[2,-236]],[[370,4968],[24,-126],[166,-9],[23,-124],[135,-138],[-38,-150],[121,-82],[75,-103],[6,-112],[171,-303],[76,-52],[20,-132],[183,-17],[66,-134]],[[1398,3486],[-464,0]],[[934,3486],[-446,0],[-329,0],[-158,59],[-1,1810],[151,-29],[217,-122]],[[2516,1358],[1,2128]],[[2517,3486],[487,0]],[[3004,3486],[162,0]],[[3166,3486],[0,-811],[25,-473],[15,-536],[12,-308]],[[3218,1358],[-176,0],[-344,0],[-182,0]],[[4222,2876],[-376,-599],[-125,-177]],[[3721,2100],[0,-742],[-262,0],[-241,0]],[[3166,3486],[426,0],[157,0]],[[3749,3486],[1,-191],[134,-56],[59,-264],[38,-58],[107,35],[134,-76]],[[6444,609],[-165,-136],[-51,-9],[-9,-31],[-100,-153],[-41,58],[13,170],[82,96],[39,122]],[[6212,726],[9,21],[6,-4]],[[6227,743],[19,28]],[[6246,771],[19,18]],[[6265,789],[108,-79],[47,44],[24,-145]],[[6496,702],[-3,0],[-23,-13],[-21,96],[89,79],[53,-99],[-95,-63]],[[2187,1358],[-52,106],[-26,200],[-51,50],[-76,159],[-131,157],[-42,124],[-81,52],[-23,81],[0,1199]],[[1705,3486],[204,0],[405,0]],[[2314,3486],[203,0]],[[2516,1358],[-329,0]],[[1020,1703],[243,-89],[72,-183],[76,-77],[5,-130],[-161,118],[-44,91],[-138,160],[-53,110]],[[644,2361],[111,-41],[-24,-141],[-41,-42],[-46,224]],[[934,3486],[305,0],[466,0]],[[2187,1358],[-369,0],[-336,0],[-99,98],[-119,163],[-95,34],[-96,123],[-49,220],[-72,152],[-110,141],[-2,184],[55,101],[-10,162],[-164,145],[-102,303],[-128,163],[-42,101],[-172,-109],[-118,147],[296,0],[479,0]],[[4751,174],[1,-2],[-1,0],[0,2]],[[4858,777],[-40,12],[-195,49],[-45,45],[2,145],[-96,124],[-64,151],[-115,6],[-154,-148],[-138,11],[-112,109],[-134,22],[-46,130],[0,667]],[[4222,2876],[120,-160],[221,-152],[171,-11],[39,-72],[-4,-365],[67,-150],[117,-174],[38,41]],[[4991,1833],[-3,-763]],[[4988,1070],[10,-52]],[[4998,1018],[58,-178],[147,-83]],[[5203,757],[11,-10]],[[5214,747],[7,-43]],[[5221,704],[6,-18]],[[5227,686],[9,-2]],[[5236,684],[20,-10]],[[5256,674],[82,23]],[[5338,697],[42,7]],[[5380,704],[21,-62]],[[5401,642],[-22,-57],[-4,0],[-127,-147],[-60,-39],[-163,-46],[-57,-95],[70,-84],[-211,-63],[-79,-111],[6,196],[58,73],[-3,135],[39,108],[93,-32],[25,89],[-73,190],[-35,18]],[[6061,1176],[-16,-3]],[[6045,1173],[-65,-33]],[[5980,1140],[-5,-2]],[[5975,1138],[-80,10],[-35,-110]],[[5860,1038],[-34,21],[-62,-147],[-21,-147],[-48,-137],[-54,-42],[-215,-5],[81,204],[107,122],[109,64],[125,250],[188,158],[88,28],[87,-39],[22,-106],[-101,-98],[-71,12]],[[5380,704],[-42,-7]],[[5256,674],[-20,10]],[[5227,686],[-6,18]],[[5214,747],[-11,10]],[[4998,1018],[-10,52]],[[4988,1070],[4,5],[-1,758]],[[4991,1833],[76,125],[-32,310],[-48,197],[144,106],[89,151],[10,220],[-71,189],[-82,80],[51,212],[41,22],[-45,189],[7,180],[-25,130],[48,43],[249,-67],[62,47],[86,-71],[69,-159],[168,-115],[14,-215]],[[5802,3407],[6,-39],[18,-84],[150,-132],[146,150],[71,243]],[[6193,3545],[-10,-267],[63,-42],[-17,-125],[46,-79],[-36,-184],[47,-135],[-4,-181],[-46,-67],[-74,47],[-49,-49],[-75,110],[-64,-37]],[[5974,2536],[-4,-16]],[[5970,2520],[-30,-190],[73,-118],[-26,-84]],[[5987,2128],[-2,-20]],[[5985,2108],[73,28],[9,-30],[-3,-1]],[[6064,2105],[-7,3]],[[6057,2108],[0,-16]],[[6057,2092],[4,-11]],[[6061,2081],[5,-20]],[[6066,2061],[-3,-6]],[[6063,2055],[27,-106],[49,-18],[0,6],[67,-81],[73,89],[149,-8],[382,0],[0,-112]],[[6810,1825],[-56,4],[-91,-76],[-102,-165],[-279,8],[-190,11],[-62,-34],[-54,-154],[-97,-51],[-109,-249],[-110,-197],[-49,-12],[-91,-107],[0,-7],[-119,-154]],[[6253,914],[1,0],[-1,-1]],[[6253,913],[0,1]],[[6216,3559],[-9,-6]],[[6207,3553],[9,6]],[[4770,4065],[24,-51],[-93,-104],[-71,51],[53,94],[87,10]],[[4489,4217],[-56,158],[35,222],[62,16],[106,-127],[168,-119],[132,-146],[-66,-69],[-124,101],[-86,-25],[-131,-140],[-40,129]],[[5296,5101],[59,-143],[-159,-69],[-24,89],[124,123]],[[3494,5403],[155,-128],[-17,-148],[-256,83],[118,193]],[[3166,3486],[0,811],[-556,106],[-137,138],[-166,0],[-363,287],[-125,52],[-165,113],[-7,347]],[[1647,5340],[292,-131],[124,16],[49,-230],[193,-23],[147,27],[177,-37],[29,196],[202,47],[105,-166],[80,11],[118,-95],[116,40],[5,-5],[101,1],[162,143],[131,-150],[183,161],[-68,169],[-178,127],[5,233],[142,136],[139,-126],[0,-100],[115,-132],[-78,-87],[346,-152],[36,-103],[-50,-77],[87,-140],[118,150],[44,345],[98,-1],[228,-121],[6,-107],[-80,-79],[84,-151],[-21,-88],[-158,-126],[-102,-23],[-92,52],[-92,-264],[-97,-191],[-139,-44],[-95,-86],[31,-76],[-127,-80],[-138,-219],[-76,-298]],[[3010,5565],[166,-94],[9,-240],[-126,-42],[-146,19],[-120,117],[-48,-80],[-204,-86],[-247,-32],[-121,159],[-137,0],[-87,77]],[[1949,5363],[-2,59],[581,0]],[[2528,5422],[1,566],[255,71],[112,-98],[58,-320],[56,-76]],[[6018,4454],[6,0],[90,-30],[95,-309],[-69,-80],[-108,42],[-77,112],[-90,-15],[206,-232],[-6,-95],[-218,97],[-218,149],[0,106],[-203,173],[-130,8],[-45,-67],[-140,33],[-6,105],[65,97],[175,-45],[117,82],[-57,77],[176,228],[-61,192],[-141,95],[-70,98],[-250,157],[-280,-50],[-301,42],[-230,88],[-61,86],[-56,198],[75,238],[213,135],[132,-37],[271,13],[127,-260],[198,71],[198,-51],[12,-71],[280,-122],[57,-74],[203,-103],[89,-117],[62,-278],[-15,-79],[193,-79],[86,-149],[159,-55],[-73,-70],[-110,-276],[-83,40],[-155,236],[-103,-81],[71,-173]],[[5111,6127],[145,-105],[-20,-55],[-284,11],[-69,170],[228,-21]],[[3327,6186],[194,-9],[84,-221],[5,-179],[-228,-49],[-155,219],[100,45],[-131,107],[131,87]],[[3859,6231],[267,-54],[-131,-197],[-184,-157],[-132,142],[30,230],[150,36]],[[3742,6514],[116,-73],[-3,-114],[-194,30],[-43,73],[124,84]],[[3443,6717],[74,-38],[24,-202],[-49,-82],[-194,0],[-89,114],[-35,161],[269,47]],[[3679,6791],[344,-73],[118,-132],[259,-104],[225,57],[238,-1],[124,-58],[18,-112],[-199,-80],[-104,30],[-288,-32],[-412,40],[-21,178],[-92,150],[-159,-28],[-51,165]],[[2531,6366],[0,127]],[[2531,6493],[0,78],[0,59]],[[2531,6630],[0,53]],[[2531,6683],[170,-121],[184,-1],[-50,-150],[-304,-45]],[[2531,6959],[0,33]],[[2531,6992],[0,-33]],[[3480,7130],[264,-83],[-236,-69],[-28,152]],[[2889,7229],[121,8],[328,-131],[72,-155],[-336,92],[-185,186]],[[3856,7626],[243,-158],[235,-32],[90,-260],[-194,-177],[-254,12],[-374,324],[112,218],[142,73]],[[6185,7921],[298,-128],[-304,-95],[17,-72],[-494,-229],[-29,-81],[-299,-115],[3,-113],[-121,-114],[-247,-154],[117,-113],[-117,-65],[-400,28],[-84,-32],[-295,24],[-52,86],[217,80],[-52,228],[258,145],[-162,108],[-14,106],[-226,108],[-214,147],[428,119],[327,25],[86,87],[379,55],[980,-35]],[[3004,3486],[-366,0],[-324,0]],[[2314,3486],[-345,0],[-365,0],[-206,0]],[[370,4968],[-2,240],[172,146],[56,-52],[227,137],[336,-64],[104,-84],[142,3],[44,84],[198,-38]],[[2367,5875],[162,21],[-1,-474]],[[1949,5363],[-30,67],[248,56],[39,75],[-290,-26],[-83,77],[82,78],[-134,54],[46,164],[306,164],[288,-122],[-54,-75]],[[1322,6265],[258,40],[115,-56],[221,-8],[169,-133],[-307,-172],[-125,-225],[-174,-78],[-96,112],[-140,73],[132,314],[-53,133]],[[2531,6630],[0,53]],[[2531,6366],[-275,-91],[-350,155],[74,177],[91,63],[250,-51],[94,-128],[116,2]],[[1804,6847],[144,17],[93,-145],[-219,-39],[-94,-118],[-265,39],[341,246]],[[2531,6959],[0,33]],[[6946,1856],[-60,-275],[82,-119],[134,-51],[-25,-92],[62,-66],[-2,-348],[-91,31],[21,122],[-79,-22],[-95,59],[-57,-20],[-103,34],[-80,-30],[-29,69],[115,318],[71,282],[97,119],[39,-11]],[[6810,1825],[0,112],[-382,0],[-149,8],[-73,-89],[-143,199]],[[6063,2055],[3,6]],[[6061,2081],[-4,11]],[[6057,2108],[7,-3]],[[6064,2105],[-79,3]],[[5985,2108],[2,20]],[[5970,2520],[4,16]],[[6193,3545],[14,8]],[[6216,3559],[82,-242],[108,-243],[41,-307],[109,-196],[105,-27],[59,-152],[84,-94],[95,-57],[25,-288],[-114,-128]],[[6179,1063],[32,-241],[54,-33]],[[6246,771],[-19,-28]],[[6227,743],[-15,-17]],[[6212,726],[-88,-83],[-104,-57],[-37,34],[-39,145],[-2,218],[-82,55]],[[5975,1138],[5,2]],[[6045,1173],[16,3]],[[6061,1176],[118,-113]]],"objects":{"provinces":{"type":"GeometryCollection","geometries":[{"arcs":[[0,1,2,3]],"type":"Polygon","properties":{"PRUID":"60",