{"type":"Topology","transform":{"scale":[0.0003001488010169322,0.00021098503120412152],"translate":[-91.81727329798935,28.836188064474356]},"arcs":[[[29,301],[0,-23],[-12,17],[12,6]],[[29,301],[-21,2788],[43,10],[47,2],[23,14],[8,34],[0,65],[18,79],[45,48],[121,85],[31,70],[-21,38],[-45,15],[-82,8],[-101,28],[-4,10],[-87,47],[-4,601],[72,52],[57,29],[313,22],[76,-11],[80,-41],[24,-63],[-11,-207],[-15,-109],[-19,-81],[15,-46],[87,-6],[39,12],[74,40],[35,10],[28,-22],[6,-52],[0,-59],[11,-44],[35,-85],[13,-109],[-14,-95],[-47,-49],[84,-22],[137,27],[135,57],[79,67],[46,-42],[-6,-43],[-25,-45],[-15,-50],[17,-31],[40,-11],[81,-4],[80,-28],[142,-74],[74,-60],[14,49],[40,93],[14,49],[-8,14],[-13,39],[-5,51],[14,45],[95,98],[18,67],[-33,110],[55,-3],[43,-24],[28,-43],[11,-63],[-11,-77],[-30,-45],[-38,-32],[-35,-40],[-41,-106],[-14,-126],[16,-126],[51,-111],[21,-19],[43,-16],[17,-17],[6,-31],[-4,-79],[8,-34],[38,-41],[105,-78],[185,-195],[39,-102],[-58,-122],[0,-30],[16,-11],[15,-30],[16,-23],[-30,-38],[-34,-27],[-72,-32],[1,53],[-14,38],[-25,25],[-35,13],[32,62],[14,71],[2,158],[-100,-37],[-78,57],[-41,95],[14,79],[-79,-9],[-40,-53],[-26,-77],[-39,-84],[-50,-47],[-63,-18],[-58,22],[-34,72],[39,-210],[143,-161],[188,-106],[349,-73],[39,-19],[77,-87],[32,-23],[54,-5],[44,10],[29,36],[11,72],[24,22],[51,-4],[54,-26],[31,-43],[-36,-11],[-23,-24],[-11,-39],[1,-53],[95,44],[90,-27],[84,-69],[153,-178],[35,8],[10,18],[2,22],[11,17],[75,47],[14,42],[-21,76],[59,-28],[55,-48],[56,-26],[60,34],[25,-89],[-37,-30],[-54,-19],[-27,-56],[40,-3],[117,-49],[25,2],[24,69],[54,-3],[52,-31],[19,-20],[27,11],[14,23],[11,23],[46,28],[3,39],[-5,43],[7,30],[37,17],[38,-11],[18,-41],[21,-62],[-1,80],[24,182],[-8,9],[-15,20],[28,110],[18,50],[22,34],[31,-47],[26,-51],[26,-18],[33,52],[-42,70],[20,50],[36,55],[7,86],[-78,16],[-16,14],[0,53],[15,26],[26,4],[32,-15],[6,44],[18,24],[30,5],[37,-9],[0,-35],[-46,-29],[33,-21],[115,-47],[40,24],[31,41],[33,7],[44,-72],[77,110],[27,62],[10,74],[15,71],[33,-2],[29,-33],[2,-20],[19,-26],[66,-138],[20,-63],[0,-262],[79,132],[12,49],[5,64],[17,41],[28,25],[41,13],[0,-29],[5,-55],[123,-171],[31,-83],[13,-23],[27,58],[24,77],[4,35],[34,-7],[21,-46],[11,-59],[2,-50],[-4,-57],[-15,-67],[-3,-56],[-12,-50],[-22,-51],[-13,-48],[13,-45],[71,-83],[21,-41],[10,-58],[2,-61],[-5,-47],[-22,-25],[50,-23],[102,55],[171,136],[55,24],[56,58],[46,65],[48,47],[18,32],[76,184],[21,76],[-109,-19],[-53,135],[16,142],[101,3],[-37,80],[28,41],[55,-12],[45,-79],[66,35],[0,33],[-55,35],[-45,59],[-29,76],[-7,89],[27,-11],[19,-21],[14,-30],[10,-36],[4,127],[-4,38],[-11,31],[-15,24],[-20,25],[2,78],[11,45],[27,28],[51,28],[-76,88],[-77,61],[-84,34],[-96,11],[-32,10],[-33,24],[-142,166],[-32,30],[-20,-27],[-15,-5],[-14,18],[-18,43],[33,0],[26,7],[53,28],[0,33],[-22,-3],[-69,3],[21,65],[51,81],[19,48],[51,-56],[77,-143],[54,-63],[25,35],[-44,36],[11,26],[45,11],[56,-11],[64,-35],[364,-303],[98,-42],[113,59],[103,-133],[55,-24],[24,106],[5,66],[14,11],[25,-14],[79,-24],[8,-30],[-15,-57],[-7,1],[-15,-17],[-15,-25],[-9,-24],[1,-31],[7,-16],[8,-9],[5,-9],[7,-22],[13,-33],[18,-29],[20,-13],[71,49],[39,11],[16,-44],[-10,-32],[-18,-28],[-9,-34],[14,-55],[10,23],[9,10],[12,10],[17,22],[43,-8],[16,-34],[5,-72],[-20,-66],[-26,-60],[-57,-51],[-63,-21],[-82,-56],[78,-17],[208,-31],[152,-46],[59,-8],[24,30],[88,-37],[43,-38],[19,-75],[29,-63],[88,-26],[89,-10],[196,-90],[-33,98],[37,44],[68,-1],[65,-41],[-63,-34],[-28,-2],[184,-417],[70,-32],[26,-30],[-19,-55],[-3,-35],[37,-128],[34,-38],[76,18],[78,56],[42,76],[1,57],[-19,101],[-5,55],[10,52],[23,31],[23,-3],[10,-48],[-3,-116],[6,-61],[22,-33],[29,14],[9,54],[1,60],[7,34],[48,-5],[-6,-93],[-31,-108],[-24,-53],[-58,-162],[-30,-18],[-75,-20],[-29,-29],[-1,-28],[6,-48],[0,-54],[-16,-48],[-72,-109],[-23,-47],[-59,-60],[-19,-27],[-9,-44],[-12,-150],[73,27],[59,63],[157,289],[20,63],[8,61],[30,74],[69,30],[78,14],[52,26],[17,37],[-2,31],[-9,34],[-6,45],[7,47],[16,1],[35,-30],[25,-39],[83,-182],[18,-56],[21,-51],[102,-157],[34,-33],[46,28],[-66,159],[10,87],[89,113],[42,67],[18,64],[15,-37],[16,-24],[39,-39],[1,55],[-10,51],[-18,47],[-20,41],[54,-2],[37,-31],[20,-54],[2,-72],[44,54],[95,237],[-220,6],[-32,-6],[6,58],[46,66],[60,54],[47,16],[-3,-27],[3,-38],[0,-32],[25,0],[16,48],[23,10],[72,-25],[-24,46],[-13,11],[-31,7],[0,36],[68,0],[-34,64],[-40,34],[-48,9],[-60,-10],[13,-49],[10,-19],[-44,4],[-53,19],[-44,36],[-18,56],[-139,50],[0,29],[38,14],[32,18],[26,27],[20,41],[-35,18],[-13,41],[-11,52],[-32,51],[-12,-11],[-33,-24],[-10,57],[-19,34],[-22,29],[-18,45],[-13,-13],[-34,-20],[3,55],[-1,48],[-8,28],[-15,-1],[-3,15],[-1,13],[-4,7],[-17,-3],[-30,-84],[-53,-61],[-58,-30],[-43,13],[-13,36],[-10,90],[-20,36],[-37,22],[-29,-2],[-27,-12],[-70,-13],[-50,-22],[-27,-5],[-36,10],[-49,44],[-29,11],[-15,15],[4,33],[21,33],[36,15],[36,0],[28,6],[21,18],[1,26],[-44,9],[-39,9],[-35,-9],[-26,-23],[-21,0],[-21,19],[-28,4],[-32,-8],[-10,14],[-68,46],[-73,0],[-199,-52],[-45,3],[-35,22],[-16,49],[16,9],[36,7],[33,31],[8,79],[-53,-33],[-16,34],[12,67],[34,65],[0,32],[-60,6],[-92,65],[-55,26],[8,16],[2,5],[15,14],[-48,26],[-83,-11],[-78,62],[-92,39],[-32,28],[-19,48],[-19,106],[-18,56],[-94,140],[-19,57],[10,1],[33,-1],[-23,45],[-33,23],[-81,29],[116,27],[277,-93],[65,33],[-86,109],[-5,21],[1,9],[-1,23],[-69,36],[32,23],[14,6],[-45,47],[-87,65],[-29,53],[99,-40],[162,-127],[93,-27],[92,-8],[104,-28],[38,-33],[39,-49],[47,-41],[58,-6],[0,32],[-112,125],[-50,37],[16,1],[14,3],[16,2],[22,-6],[-38,58],[-68,4],[-77,-10],[-67,13],[-38,50],[-23,80],[8,88],[53,76],[31,8],[73,-13],[33,5],[40,24],[18,23],[35,85],[47,62],[51,53],[30,60],[-14,84],[44,-2],[41,-17],[35,-29],[28,-34],[36,-85],[24,-29],[42,-1],[-8,-31],[-7,-67],[-6,-32],[31,33],[32,93],[28,33],[25,0],[77,-26],[35,-3],[-44,34],[-26,51],[-20,58],[-26,54],[18,32],[24,32],[32,24],[42,6],[-11,20],[-6,16],[-9,14],[-20,15],[22,12],[69,50],[-94,48],[-22,19],[-21,-32],[-20,-17],[-50,-18],[0,35],[65,56],[26,42],[-10,50],[-29,10],[-41,-20],[-37,-35],[-19,-36],[-21,0],[1,22],[-5,5],[4,3],[-23,20],[-47,80],[0,30],[91,64],[22,-79],[63,17],[39,72],[-54,90],[-48,15],[-94,-20],[-42,5],[-44,31],[10,16],[32,16],[25,31],[-1,42],[-13,36],[-6,39],[20,48],[42,32],[95,-10],[45,13],[40,43],[7,37],[-22,28],[-46,19],[-24,-10],[-71,-61],[-21,-26],[-20,0],[-7,18],[-3,4],[-3,0],[-12,10],[0,36],[25,0],[0,29],[-25,19],[-75,40],[-37,9],[-18,25],[-18,8],[-24,-17],[-10,-28],[3,-60],[-5,-25],[-18,-40],[-12,-33],[-14,-30],[-25,-30],[-35,-24],[-68,-21],[-33,-17],[-47,-50],[-19,-59],[0,-170],[-14,-102],[-38,-104],[-52,-87],[-57,-51],[-73,-23],[-77,2],[-73,33],[-63,73],[-78,115],[12,54],[48,78],[8,30],[-27,20],[-116,-65],[-52,-20],[-91,3],[-56,19],[-36,48],[-34,92],[-23,88],[-5,76],[18,71],[43,72],[72,46],[90,-4],[86,-45],[63,-78],[36,42],[-2,42],[-11,46],[10,49],[28,25],[98,42],[14,118],[35,58],[45,47],[44,81],[-34,28],[-58,83],[-46,22],[-91,-33],[-12,-32],[19,-22],[26,-11],[12,1],[3,24],[16,12],[19,-7],[8,-29],[-8,-38],[-16,-23],[-46,-39],[-18,-7],[-51,9],[-20,-2],[-2,-17],[-46,-113],[-11,27],[-13,17],[-12,12],[-10,12],[22,45],[37,123],[35,58],[-25,65],[-23,0],[-12,-64],[-20,-60],[-29,-60],[-73,-118],[-9,-40],[-9,-20],[-30,3],[-46,21],[-53,34],[-44,43],[-18,49],[-10,70],[-27,28],[-77,17],[-64,-152],[-92,-129],[-231,-204],[-66,-38],[-69,-20],[-225,-25],[-135,-53],[-77,3],[-209,72],[-117,97],[-243,28],[-136,68],[-114,124],[-63,174],[15,217],[78,148],[246,264],[86,141],[123,223],[77,99],[77,66],[109,15],[154,-27],[158,-54],[125,-63],[152,-162],[30,-16],[13,-46],[71,-179],[31,-50],[149,-33],[37,6],[62,21],[37,6],[72,-32],[119,-125],[72,-8],[115,46],[63,-11],[27,-82],[-5,-45],[-9,-33],[-2,-30],[16,-39],[24,-19],[69,-26],[23,-20],[54,28],[53,-3],[110,-25],[58,18],[54,31],[46,6],[34,-55],[-37,-23],[-21,-9],[-33,0],[57,-60],[101,36],[97,80],[35,59],[8,14],[23,0],[36,-30],[49,-4],[47,22],[29,48],[29,-29],[9,-12],[-17,-27],[23,-35],[42,39],[13,35],[3,40],[10,50],[55,85],[15,50],[-25,62],[303,214],[32,43],[8,57],[-1,91],[-17,15],[-79,5],[-27,14],[2,39],[33,